guest_id,guest_name,city,guest_type,preferred_room_type,loyalty_tier,account_since
G0001,Jordan Henderson,Chandigarh,Individual,Suite,Silver,05-12-2017
G0002,Whitney Peters,Lucknow,Individual,Suite,None,31-01-2020
G0003,Brittney Phillips,Pune,Individual,Standard,Silver,30-04-2025
G0004,Lauren Daniels,Ahmedabad,Corporate,Standard,None,10-09-2025
G0005,Amy Silva,Delhi,Individual,Deluxe,Gold,10-07-2025
G0006,Sarah Moore,Ahmedabad,Individual,Standard,Silver,03-04-2025
G0007,Angela Lopez,Pune,Corporate,Suite,None,13-12-2019
G0008,Megan Young,Indore,Individual,Standard,Gold,26-04-2018
G0009,David PLC,Lucknow,Corporate,Deluxe,Silver,21-12-2024
G0010,Kristopher Harvey,Kolkata,Individual,Standard,None,27-04-2019
G0011,Kevin Mills,Goa,Corporate,Standard,None,16-01-2023
G0012,Christina Moran,Chandigarh,Individual,Standard,Silver,09-10-2022
G0013,James Powers,Bengaluru,Corporate,Standard,Gold,13-08-2021
G0014,Eugene Walton,Indore,Corporate,Deluxe,Gold,28-06-2018
G0015,Jimmy Murillo,Chandigarh,Individual,Standard,None,01-08-2024
G0016,Angel Lewis MD,Chennai,Individual,Deluxe,None,24-08-2021
G0017,Shirley Suarez,Bengaluru,Individual,Deluxe,Gold,17-01-2018
G0018,Christopher Bass,Chandigarh,Individual,Standard,Platinum,20-02-2021
G0019,Lisa Archer,Jaipur,Individual,Standard,None,06-09-2025
G0020,"Rice, Contreras and Spencer",Jaipur,Corporate,Deluxe,Silver,17-09-2017
G0021,Ashley Humphrey,Kolkata,Corporate,Suite,Silver,15-08-2020
G0022,Wilson-Rodriguez,Goa,Corporate,Standard,Gold,03-11-2025
G0023,Denise Jacobs,Kochi,Individual,Suite,None,09-01-2024
G0024,Christina Walters,Bengaluru,Corporate,Executive,None,13-02-2022
G0025,John Whitehead,Kolkata,Individual,Standard,Silver,25-06-2018
G0026,Davis Group,Indore,Corporate,Executive,None,05-05-2024
G0027,Amanda Cook,Bengaluru,Individual,Standard,Platinum,09-11-2018
G0028,William Martin,Kochi,Individual,Standard,Silver,18-08-2019
G0029,Michael Hoffman,Bengaluru,Individual,Deluxe,None,08-05-2022
G0030,Tony Vazquez,Goa,Individual,Standard,Silver,08-02-2017
G0031,Andrew Wood,Delhi,Individual,Suite,Platinum,26-09-2021
G0032,Jessica Williams,Jaipur,Individual,Standard,None,13-03-2025
G0033,Nolan-Flynn,Delhi,Corporate,Suite,None,04-09-2025
G0034,Stephanie Clark,Kochi,Corporate,Executive,None,13-12-2022
G0035,Brian Deleon,Goa,Individual,Deluxe,Silver,07-02-2025
G0036,Jennifer Oliver,Chandigarh,Individual,Standard,Silver,13-09-2024
G0037,Timothy Hancock,Mumbai,Individual,Standard,None,10-06-2025
G0038,Rita Keith,Chandigarh,Individual,Standard,Platinum,12-07-2020
G0039,White LLC,Kochi,Corporate,Standard,Silver,24-09-2023
G0040,Pham-Shields,Chandigarh,Corporate,Standard,Gold,20-05-2020
G0041,Debra Cobb,Goa,Individual,Deluxe,Gold,25-04-2020
G0042,Shane Garrison,Lucknow,Individual,Suite,Platinum,21-07-2022
G0043,Robert Stevens,Mumbai,Individual,Deluxe,Silver,04-12-2022
G0044,Hoover-Savage,Delhi,Corporate,Executive,None,30-05-2026
G0045,Matthew Ross,Delhi,Individual,Deluxe,None,14-04-2022
G0046,Benjamin Ayala,Hyderabad,Corporate,Deluxe,None,03-06-2019
G0047,Jordan Frazier,Hyderabad,Individual,Executive,None,19-03-2020
G0048,Erin Johnson,Ahmedabad,Individual,Suite,Silver,06-07-2021
G0049,Debbie Carpenter,Ahmedabad,Individual,Deluxe,None,09-12-2017
G0050,Mrs. Linda Reed,Ahmedabad,Individual,Executive,Platinum,29-09-2018
G0051,Jessica Joyce,Kolkata,Individual,Deluxe,Gold,15-04-2024
G0052,Steven Lee,Bengaluru,Individual,Standard,Silver,05-09-2019
G0053,Jeffrey Meyer,Bengaluru,Individual,Executive,None,13-11-2023
G0054,Melissa Bentley,Pune,Individual,Deluxe,Silver,21-12-2018
G0055,Christina Reynolds,Chandigarh,Individual,Standard,None,27-07-2022
G0056,Tammie Hanson,Lucknow,Corporate,Suite,None,04-03-2021
G0057,Belinda Mccullough,Lucknow,Individual,Suite,Gold,29-04-2018
G0058,"Parker, Ortiz and Powell",Lucknow,Corporate,Standard,Silver,14-12-2019
G0059,Cameron Fisher,Goa,Individual,Deluxe,Silver,24-09-2022
G0060,Megan Orr,Jaipur,Individual,Suite,None,07-10-2018
G0061,Elizabeth Kelley,Bengaluru,Individual,Suite,Silver,18-04-2018
G0062,Dustin Jordan,Ahmedabad,Individual,Standard,Gold,20-02-2017
G0063,Mary Marshall,Jaipur,Individual,Standard,Platinum,04-01-2019
G0064,Daniel Kennedy,Ahmedabad,Corporate,Suite,Gold,09-05-2024
G0065,Rebecca Jackson,Delhi,Individual,Standard,Platinum,03-08-2020
G0066,Jose Schultz,Bengaluru,Individual,Deluxe,None,20-07-2024
G0067,Davis-Crane,Lucknow,Corporate,Deluxe,None,01-07-2021
G0068,Eric Drake,Jaipur,Individual,Suite,Gold,26-06-2020
G0069,Angel Riggs,Ahmedabad,Individual,Deluxe,None,09-04-2020
G0070,Patricia Gibson,Pune,Individual,Deluxe,None,17-02-2021
G0071,Laura Higgins,Jaipur,Individual,Executive,Gold,20-03-2025
G0072,James Hernandez,Mumbai,Corporate,Standard,Platinum,08-04-2017
G0073,Stephanie Dalton,Delhi,Individual,Deluxe,Silver,09-02-2017
G0074,Osborne and Sons,Kochi,Corporate,Standard,Gold,13-06-2020
G0075,Tyler Holmes,Ahmedabad,Individual,Executive,Silver,03-09-2017
G0076,Grant Inc,Pune,Corporate,Standard,Platinum,30-10-2022
G0077,Robert Contreras,Coimbatore,Individual,Standard,Platinum,14-12-2017
G0078,Linda Dodson DVM,Ahmedabad,Individual,Standard,Gold,03-11-2017
G0079,Michelle Wagner,Hyderabad,Individual,Standard,Platinum,28-08-2019
G0080,Kimberly Merritt,Indore,Individual,Standard,Gold,10-11-2024
G0081,"Hensley, Cole and Walton",Jaipur,Corporate,Standard,None,11-04-2019
G0082,Destiny Strickland,Lucknow,Individual,Deluxe,None,05-11-2018
G0083,Mr. Jeremiah Reeves,Delhi,Individual,Standard,Silver,22-08-2025
G0084,George Orozco,Pune,Individual,Deluxe,Gold,06-01-2018
G0085,Chris Reyes,Kochi,Individual,Standard,Gold,08-10-2023
G0086,Daniel Perry,Indore,Individual,Suite,None,22-12-2024
G0087,John Brown,Delhi,Individual,Standard,None,09-05-2020
G0088,Jean Carrillo,Chennai,Individual,Standard,Silver,27-01-2022
G0089,Alicia Gilmore,Ahmedabad,Individual,Standard,Silver,06-01-2026
G0090,"James, Smith and Bell",Hyderabad,Corporate,Suite,Platinum,20-06-2018
G0091,Sarah Ashley,Kolkata,Individual,Standard,Silver,25-03-2024
G0092,Paul Payne,Goa,Individual,Standard,Gold,31-03-2017
G0093,"Hurst, Freeman and Nelson",Kochi,Corporate,Standard,None,21-04-2026
G0094,Johnson-Rogers,Jaipur,Corporate,Standard,Platinum,10-11-2021
G0095,Jennifer Martin,Hyderabad,Corporate,Standard,Silver,20-12-2020
G0096,Cameron Dean,Chennai,Individual,Standard,Silver,01-09-2018
G0097,James Elliott,Goa,Individual,Deluxe,Silver,06-08-2022
G0098,Marvin Taylor,Ahmedabad,Individual,Deluxe,None,18-04-2021
G0099,Anthony Gray,Mumbai,Individual,Deluxe,Gold,18-10-2019
G0100,Gabriel Juarez,Lucknow,Individual,Deluxe,None,16-04-2021
G0101,Paul Decker,Ahmedabad,Corporate,Suite,None,06-05-2023
G0102,Bradley Smith,Kolkata,Individual,Standard,None,12-09-2023
G0103,Zoe Bell,Coimbatore,Individual,Suite,None,26-01-2026
G0104,Rachael Pearson,Lucknow,Corporate,Deluxe,None,16-10-2018
G0105,Tiffany Gonzalez,Kochi,Individual,Standard,Silver,15-11-2025
G0106,Howell and Sons,Mumbai,Corporate,Deluxe,Platinum,10-05-2021
G0107,Michael Elliott,Indore,Individual,Executive,None,27-08-2019
G0108,Michael Wang,Lucknow,Individual,Deluxe,None,21-08-2023
G0109,Lawrence Adkins,Chandigarh,Individual,Standard,Silver,06-08-2018
G0110,Robert Oconnell,Mumbai,Individual,Suite,Gold,10-07-2022
G0111,Alexander Collins,Chennai,Individual,Deluxe,None,11-08-2019
G0112,Tina Sanders,Hyderabad,Individual,Deluxe,None,21-11-2023
G0113,Angela Vaughn,Chennai,Individual,Standard,None,31-12-2025
G0114,"Sanchez, Terry and Turner",Hyderabad,Corporate,Standard,Gold,04-08-2018
G0115,Renee Hogan,Indore,Corporate,Standard,None,25-11-2024
G0116,Amanda Patel,Bengaluru,Corporate,Standard,None,08-10-2018
G0117,Andrea Holland,Kochi,Corporate,Executive,Silver,15-12-2018
G0118,Jason Henry,Ahmedabad,Individual,Deluxe,Platinum,29-10-2025
G0119,Jack Snow,Kochi,Individual,Deluxe,None,10-06-2020
G0120,Zimmerman-Graham,Chennai,Corporate,Deluxe,Platinum,05-06-2023
G0121,Tracie Nelson,Lucknow,Individual,Executive,None,04-10-2023
G0122,Kimberly Webb,Lucknow,Individual,Executive,None,06-05-2023
G0123,Nicholas Adams,Jaipur,Individual,Standard,Gold,02-09-2019
G0124,Sandra Miller,Delhi,Individual,Standard,Gold,30-12-2017
G0125,Dana Marshall,Chandigarh,Corporate,Suite,Silver,23-12-2019
G0126,Jamie Johnson,Chandigarh,Individual,Standard,None,19-03-2018
G0127,White-Lewis,Jaipur,Corporate,Deluxe,Platinum,23-08-2021
G0128,Gina Beard,Kolkata,Individual,Standard,None,18-04-2026
G0129,Desiree Smith,Indore,Individual,Deluxe,Gold,13-07-2019
G0130,Angela Cortez,Bengaluru,Individual,Suite,None,24-03-2017
G0131,Peter Vaughn DDS,Bengaluru,Individual,Standard,None,18-03-2021
G0132,Ricky Davis II,Bengaluru,Individual,Deluxe,Gold,17-01-2018
G0133,Elizabeth Perkins,Goa,Individual,Suite,Gold,02-11-2021
G0134,Tran-Cooper,Coimbatore,Corporate,Standard,None,18-09-2020
G0135,Krista Bell MD,Mumbai,Individual,Standard,Silver,09-03-2025
G0136,David Griffith,Kochi,Individual,Standard,None,23-07-2017
G0137,Patrick Tapia,Ahmedabad,Individual,Suite,None,17-01-2021
G0138,Cheryl Rodgers,Bengaluru,Individual,Standard,Silver,25-09-2023
G0139,Kevin Wolf,Bengaluru,Individual,Standard,None,10-04-2020
G0140,Veronica Wall,Bengaluru,Corporate,Standard,None,27-06-2022
G0141,Perez-White,Kochi,Corporate,Deluxe,None,12-04-2021
G0142,Joseph Hill,Jaipur,Individual,Standard,Silver,15-12-2019
G0143,Kristen Terry,Pune,Individual,Deluxe,None,23-10-2024
G0144,Sean Henry,Bengaluru,Individual,Deluxe,Gold,23-08-2021
G0145,Laura Harrison,Ahmedabad,Corporate,Standard,None,11-11-2022
G0146,Cody Williams,Ahmedabad,Individual,Deluxe,Platinum,04-06-2023
G0147,Karen Short,Bengaluru,Corporate,Standard,Gold,23-05-2017
G0148,Benjamin Soto,Coimbatore,Individual,Deluxe,Silver,16-12-2023
G0149,Chase Hart,Lucknow,Individual,Standard,Platinum,16-11-2018
G0150,Xavier Wilson,Chennai,Corporate,Standard,None,30-08-2024
G0151,Lisa Gibbs,Indore,Individual,Deluxe,Gold,23-11-2019
G0152,Joseph Hayes,Chandigarh,Individual,Executive,None,09-05-2021
G0153,Scott Branch,Ahmedabad,Individual,Standard,None,20-02-2022
G0154,Carroll-Brown,Chandigarh,Corporate,Deluxe,Silver,15-09-2021
G0155,Annette Farmer,Chennai,Individual,Standard,Silver,04-07-2025
G0156,"Clark, Guerrero and Moore",Bengaluru,Corporate,Deluxe,None,17-03-2020
G0157,Benjamin Smith,Coimbatore,Corporate,Standard,None,12-06-2022
G0158,Kirk Carter,Jaipur,Individual,Standard,None,13-08-2018
G0159,Michael Warner,Kochi,Individual,Deluxe,None,19-09-2020
G0160,Michael Bradshaw,Hyderabad,Individual,Deluxe,Platinum,06-03-2021
G0161,Lori Guerrero,Indore,Individual,Suite,None,07-07-2022
G0162,Jessica Stephens,Indore,Corporate,Standard,None,05-05-2025
G0163,Susan Serrano,Indore,Individual,Standard,Gold,14-10-2023
G0164,Christopher Parker,Mumbai,Individual,Standard,Platinum,26-07-2021
G0165,Laura Roberts,Indore,Corporate,Standard,None,16-11-2025
G0166,Michael Lyons,Pune,Individual,Deluxe,Silver,02-10-2025
G0167,Kathryn Snyder,Hyderabad,Corporate,Standard,Gold,03-04-2019
G0168,George Group,Jaipur,Corporate,Standard,None,27-03-2019
G0169,Lindsey Johnson,Indore,Individual,Deluxe,None,23-05-2018
G0170,Michael Valencia,Mumbai,Individual,Standard,Silver,29-12-2018
G0171,Alicia Hubbard,Ahmedabad,Corporate,Standard,None,26-11-2019
G0172,Laura Hines,Pune,Corporate,Standard,None,02-06-2023
G0173,Ruiz Ltd,Mumbai,Corporate,Deluxe,Silver,08-01-2020
G0174,Donald Shea,Ahmedabad,Individual,Standard,Gold,10-08-2025
G0175,Robert Costa,Jaipur,Individual,Executive,Silver,29-09-2023
G0176,Bailey-Cook,Goa,Corporate,Suite,None,15-12-2024
G0177,Shannon Rivera,Kolkata,Individual,Suite,Gold,24-02-2022
G0178,Donna Landry,Jaipur,Individual,Standard,Silver,30-12-2023
G0179,Krista Gibson,Bengaluru,Individual,Standard,Platinum,01-06-2026
G0180,Frank Cordova,Kochi,Individual,Deluxe,None,04-09-2024
G0181,Jose Travis,Bengaluru,Individual,Standard,None,24-08-2020
G0182,"Booth, Murray and Brown",Chandigarh,Corporate,Executive,Silver,11-02-2019
G0183,Lisa Jimenez,Lucknow,Individual,Standard,None,31-12-2025
G0184,Anthony Adams,Delhi,Corporate,Deluxe,Gold,08-05-2024
G0185,Dwayne Gilmore,Pune,Individual,Standard,Silver,10-05-2021
G0186,Mr. Mark Lloyd,Goa,Corporate,Suite,None,31-12-2024
G0187,Emily Smith,Ahmedabad,Individual,Deluxe,Silver,14-07-2024
G0188,Danny Skinner,Pune,Individual,Suite,Gold,06-04-2023
G0189,Travis Holland,Bengaluru,Individual,Deluxe,Gold,18-02-2025
G0190,Timothy Carter,Chennai,Corporate,Executive,Gold,04-05-2024
G0191,Jennifer Olson,Delhi,Individual,Standard,Gold,19-09-2021
G0192,Sanchez-Arnold,Pune,Corporate,Deluxe,Silver,28-04-2018
G0193,Thomas Romero,Indore,Individual,Deluxe,Silver,18-12-2023
G0194,Sharon Hill,Coimbatore,Individual,Standard,None,20-08-2024
G0195,Jennifer Villa,Pune,Individual,Standard,Gold,10-09-2018
G0196,Samantha Campbell,Mumbai,Individual,Standard,Platinum,18-02-2022
G0197,Kevin Duarte,Indore,Individual,Deluxe,Gold,21-06-2022
G0198,Charles Ryan MD,Chennai,Individual,Standard,None,26-01-2022
G0199,Kimberly Gibson,Lucknow,Individual,Suite,Silver,11-10-2018
G0200,Colin Terry,Lucknow,Individual,Suite,None,12-11-2021
G0201,Cynthia Rowe,Kolkata,Individual,Standard,Silver,20-01-2017
G0202,Patrick Thornton,Mumbai,Individual,Deluxe,Platinum,12-08-2020
G0203,Jasmin Alvarado,Hyderabad,Corporate,Deluxe,Silver,17-10-2019
G0204,Veronica Simpson,Coimbatore,Individual,Standard,None,21-04-2021
G0205,Jonathan Lawrence,Pune,Individual,Standard,Gold,06-05-2020
G0206,Shelly Alexander,Ahmedabad,Corporate,Deluxe,None,14-09-2024
G0207,"Lozano, Smith and Thomas",Coimbatore,Corporate,Deluxe,Gold,07-11-2018
G0208,Tracy Jones,Kolkata,Corporate,Standard,None,22-06-2018
G0209,Deborah Hanson,Hyderabad,Individual,Deluxe,None,10-02-2021
G0210,Bobby Murphy,Lucknow,Individual,Standard,Gold,14-11-2019
G0211,Kimberly Finley,Goa,Corporate,Executive,Silver,01-05-2024
G0212,"Higgins, Malone and Brennan",Bengaluru,Corporate,Standard,None,20-02-2023
G0213,Barry Welch,Chandigarh,Individual,Standard,Silver,26-01-2024
G0214,Yolanda Francis,Kolkata,Individual,Deluxe,Silver,11-01-2020
G0215,Brett Schultz,Chandigarh,Individual,Standard,Gold,06-03-2018
G0216,Jill Benson,Goa,Individual,Standard,None,12-03-2018
G0217,Amber Flynn,Goa,Individual,Standard,None,13-11-2022
G0218,James Thomas,Kolkata,Corporate,Standard,None,27-07-2022
G0219,Kylie Sparks,Jaipur,Corporate,Standard,None,14-07-2024
G0220,Bob Pitts,Bengaluru,Individual,Suite,Silver,03-09-2018
G0221,Cynthia Durham,Bengaluru,Corporate,Deluxe,None,15-11-2019
G0222,Joel King,Jaipur,Individual,Executive,None,17-03-2022
G0223,Adam Ballard,Indore,Individual,Standard,None,05-04-2020
G0224,Megan Moore,Kochi,Individual,Standard,Gold,25-01-2018
G0225,Gregory Matthews,Hyderabad,Corporate,Suite,Silver,30-11-2018
G0226,Jessica Wright,Coimbatore,Individual,Standard,Silver,22-03-2025
G0227,Christina Cruz,Indore,Individual,Standard,None,28-06-2021
G0228,Rodriguez-James,Kolkata,Corporate,Deluxe,Silver,24-09-2021
G0229,Edward Lyons,Lucknow,Individual,Standard,None,23-02-2025
G0230,Ronald Foster,Indore,Individual,Standard,Silver,17-08-2023
G0231,Sean Osborne,Goa,Individual,Deluxe,None,05-04-2021
G0232,Susan Mcgee,Indore,Corporate,Deluxe,Gold,20-06-2018
G0233,Stephanie Parsons,Jaipur,Individual,Standard,Silver,08-07-2017
G0234,Robert Robinson,Kochi,Individual,Standard,Gold,08-08-2024
G0235,David Campos,Chandigarh,Individual,Deluxe,Silver,06-07-2024
G0236,Melanie Taylor,Chandigarh,Corporate,Deluxe,None,03-06-2024
G0237,Mark Williams,Kochi,Corporate,Deluxe,None,30-05-2026
G0238,Amanda Diaz,Goa,Corporate,Standard,Silver,05-10-2018
G0239,Theodore Murphy,Jaipur,Individual,Suite,Gold,03-11-2017
G0240,Thompson-Anderson,Delhi,Corporate,Executive,None,02-07-2019
G0241,Valerie Schmidt,Kolkata,Individual,Standard,None,24-02-2022
G0242,Sandra Scott,Goa,Individual,Standard,Gold,06-01-2022
G0243,Karen Drake,Jaipur,Individual,Deluxe,None,11-07-2021
G0244,Gina Wilson,Ahmedabad,Individual,Deluxe,Gold,18-11-2025
G0245,Brenda Levy,Goa,Individual,Deluxe,Gold,23-04-2023
G0246,Misty Whitney,Kochi,Individual,Deluxe,None,04-04-2026
G0247,Regina Diaz,Mumbai,Individual,Suite,None,10-08-2025
G0248,Alexis Herrera,Jaipur,Individual,Deluxe,None,28-01-2022
G0249,Michael Chambers,Lucknow,Individual,Deluxe,None,25-12-2020
G0250,Samantha Bentley,Pune,Corporate,Deluxe,None,12-03-2018
G0251,David Johnson,Chennai,Individual,Deluxe,Gold,30-04-2025
G0252,"Murphy, Bishop and Holland",Goa,Corporate,Standard,None,29-05-2021
G0253,Julie Haynes,Indore,Individual,Suite,Gold,18-03-2018
G0254,"Ortiz, Taylor and Shah",Kochi,Corporate,Suite,Silver,29-08-2025
G0255,Johnathan Davis,Goa,Corporate,Executive,None,06-08-2022
G0256,Brandy Chavez,Chandigarh,Individual,Standard,Platinum,29-05-2026
G0257,Natalie Bautista,Coimbatore,Individual,Deluxe,Platinum,27-12-2018
G0258,Patrick Moore,Chennai,Individual,Deluxe,None,06-05-2021
G0259,Brett Burns,Goa,Individual,Suite,Silver,25-04-2021
G0260,Trevor Johnson,Goa,Individual,Executive,Gold,26-01-2020
G0261,Jeremy Sampson,Delhi,Individual,Executive,Silver,01-07-2018
G0262,Ariana Jennings,Goa,Individual,Deluxe,Gold,09-05-2020
G0263,Vanessa Howard,Delhi,Corporate,Deluxe,Platinum,05-02-2024
G0264,Colton Martinez,Mumbai,Individual,Deluxe,None,15-11-2020
G0265,Davis-Lewis,Chandigarh,Corporate,Deluxe,Platinum,26-08-2022
G0266,Tricia Williams,Kochi,Individual,Standard,None,13-12-2020
G0267,William Buchanan,Goa,Individual,Deluxe,Silver,06-09-2021
G0268,Ronald Spencer,Coimbatore,Individual,Suite,None,27-09-2021
G0269,Robin Hall,Hyderabad,Corporate,Standard,None,20-08-2017
G0270,Rachel Carlson,Lucknow,Individual,Suite,Platinum,31-08-2024
G0271,William Huerta,Indore,Individual,Standard,Gold,16-04-2019
G0272,"King, Thompson and Guerrero",Indore,Corporate,Deluxe,Silver,29-07-2024
G0273,Adrian Tyler,Chandigarh,Corporate,Deluxe,None,24-09-2022
G0274,Franklin Thompson,Pune,Corporate,Deluxe,None,12-04-2021
G0275,Patrick Fox,Lucknow,Individual,Executive,None,12-03-2023
G0276,Karen Strickland,Chandigarh,Individual,Standard,Silver,04-10-2025
G0277,Ashley Gordon,Mumbai,Corporate,Executive,Gold,06-04-2024
G0278,Amanda Logan,Goa,Individual,Deluxe,Silver,15-09-2025
G0279,"Boyd, Ellis and Maynard",Jaipur,Corporate,Standard,Silver,05-02-2019
G0280,John Morales,Bengaluru,Corporate,Standard,Silver,30-03-2023
G0281,Katherine Browning,Chennai,Individual,Deluxe,None,15-09-2020
G0282,Bobby Franklin,Coimbatore,Individual,Standard,None,14-08-2020
G0283,Donald Schultz,Lucknow,Individual,Executive,Silver,04-06-2024
G0284,Erika Vang,Lucknow,Individual,Deluxe,None,17-10-2025
G0285,Jody Jacobs,Ahmedabad,Individual,Standard,None,07-10-2017
G0286,Mcguire Inc,Ahmedabad,Corporate,Deluxe,None,26-06-2019
G0287,Marilyn Mack,Delhi,Corporate,Standard,None,10-06-2025
G0288,Cindy Hayes,Jaipur,Individual,Executive,Gold,13-04-2024
G0289,Gerald Chavez,Kochi,Individual,Standard,None,15-03-2024
G0290,Brandon Simmons,Goa,Individual,Standard,None,07-08-2020
G0291,Jacqueline Hernandez,Lucknow,Individual,Executive,None,22-01-2023
G0292,Jones-Decker,Ahmedabad,Corporate,Suite,None,02-01-2026
G0293,Brent Rodgers,Jaipur,Individual,Standard,Gold,28-02-2019
G0294,Kristie Willis,Bengaluru,Individual,Executive,None,03-09-2025
G0295,Erin Martinez,Hyderabad,Individual,Deluxe,None,23-01-2024
G0296,Maurice Christensen,Kolkata,Corporate,Suite,None,18-04-2026
G0297,Michelle Schmitt,Chandigarh,Individual,Suite,Silver,23-10-2017
G0298,"Edwards, Garcia and Romero",Jaipur,Corporate,Deluxe,None,28-10-2017
G0299,John Boone,Lucknow,Individual,Standard,None,20-03-2026
G0300,Justin Wilson,Pune,Individual,Standard,Silver,15-07-2021
G0301,Darrell Patterson,Hyderabad,Individual,Standard,None,25-01-2017
G0302,Patricia Howell,Goa,Individual,Standard,Gold,06-07-2017
G0303,Kristin Lynch,Bengaluru,Individual,Standard,Silver,02-04-2020
G0304,"Gallegos, Adams and White",Bengaluru,Corporate,Standard,Platinum,12-04-2021
G0305,Ellen Morgan,Kochi,Individual,Standard,None,20-06-2019
G0306,Sergio Knight,Kolkata,Individual,Suite,Gold,23-04-2020
G0307,Jones-Figueroa,Kochi,Corporate,Suite,Platinum,07-03-2025
G0308,Anna Moreno,Hyderabad,Individual,Deluxe,Silver,20-05-2018
G0309,Jesse Moore,Goa,Individual,Deluxe,Silver,15-12-2017
G0310,Frederick Pugh,Chandigarh,Individual,Deluxe,Gold,18-05-2019
G0311,Sophia Moore,Kochi,Individual,Suite,None,24-01-2019
G0312,Amber Miller,Indore,Individual,Standard,None,11-07-2024
G0313,Jeff Lawson,Indore,Corporate,Suite,Platinum,27-02-2023
G0314,Daniel Hunt,Ahmedabad,Individual,Standard,Silver,24-10-2019
G0315,Brian Gregory,Chandigarh,Individual,Deluxe,Platinum,02-01-2021
G0316,Kelsey Parker,Kochi,Individual,Standard,None,13-10-2017
G0317,Foster PLC,Jaipur,Corporate,Standard,Silver,11-10-2024
G0318,Dan Dougherty,Goa,Individual,Deluxe,Gold,21-10-2021
G0319,Pamela Roberts,Delhi,Individual,Standard,None,19-04-2025
G0320,Jonathan Jordan,Pune,Individual,Suite,None,22-03-2025
G0321,Joseph Hall,Jaipur,Individual,Deluxe,None,05-06-2020
G0322,Mary Gomez,Bengaluru,Individual,Standard,Silver,24-02-2020
G0323,Hensley-Williams,Ahmedabad,Corporate,Standard,Gold,11-01-2024
G0324,Thomas Atkins,Bengaluru,Individual,Suite,Gold,01-02-2024
G0325,Laura Mckinney,Goa,Individual,Deluxe,Gold,22-05-2019
G0326,Brian Smith,Ahmedabad,Corporate,Suite,Silver,02-05-2024
G0327,Robert Montgomery,Mumbai,Corporate,Suite,Silver,06-04-2020
G0328,Tamara Davis,Ahmedabad,Individual,Deluxe,None,19-08-2022
G0329,Dana Chapman,Mumbai,Individual,Suite,Gold,21-11-2023
G0330,Jennifer Collins,Lucknow,Individual,Deluxe,Silver,04-01-2019
G0331,Gary Jackson,Goa,Individual,Deluxe,Platinum,03-04-2025
G0332,Ashley Hicks,Hyderabad,Corporate,Standard,Silver,15-09-2017
G0333,Hannah Luna,Mumbai,Individual,Standard,None,16-11-2025
G0334,Robin Young,Jaipur,Individual,Executive,Gold,13-06-2017
G0335,Scott and Sons,Chandigarh,Corporate,Executive,Silver,26-01-2020
G0336,"Hernandez, Malone and Jones",Ahmedabad,Corporate,Deluxe,None,31-03-2021
G0337,Lori Marshall,Kochi,Individual,Suite,None,28-10-2019
G0338,Lauren Maldonado,Coimbatore,Individual,Standard,Silver,02-03-2026
G0339,Maria Downs,Jaipur,Corporate,Suite,None,24-07-2018
G0340,Wesley Stewart,Mumbai,Individual,Standard,Silver,17-05-2019
G0341,John Welch,Chennai,Individual,Standard,Gold,30-04-2018
G0342,Leslie Bell,Kolkata,Individual,Suite,Gold,27-05-2022
G0343,Joel Johnson,Jaipur,Individual,Standard,None,07-05-2026
G0344,Dustin Newman,Mumbai,Individual,Standard,Silver,22-10-2018
G0345,Ann Wheeler,Ahmedabad,Individual,Standard,Silver,18-08-2017
G0346,Kevin Best,Coimbatore,Individual,Standard,Platinum,21-09-2023
G0347,Amanda Stout,Coimbatore,Corporate,Deluxe,Silver,07-03-2020
G0348,"Pearson, Morris and Alvarez",Goa,Corporate,Executive,Gold,30-11-2018
G0349,Antonio Garcia,Kolkata,Individual,Deluxe,Gold,15-03-2026
G0350,Gwendolyn Klein,Ahmedabad,Corporate,Standard,Gold,04-11-2020
